{
  "p_young": 0.3230136405849482,
  "p_well_dressed": 0.3226231280029901,
  "p_both": 0.1444366193055017,
  "p_neither": 0.4987998507175634,
  "corr_young_well_dressed": 0.18400607946754627,
  "counts": {
    "both": 517440,
    "y_only": 639747,
    "w_only": 638348,
    "neither": 1786936
  },
  "total": 3582471
}
