{
  "scenario_1": {
    "lambda_y": 0.04714083090008623,
    "lambda_w": 0.04221284373289096,
    "eta": 0.01988002204032351
  }
}