{
  "scenario_1": {
    "lambda_y": 0.04865359197030944,
    "lambda_w": 0.04283923009401149,
    "eta": 0.01948539367523708
  }
}