{
  "scenario_1": {
    "lambda_y": 0.2925122643263239,
    "lambda_w": 0.29344386661514194,
    "eta": 0.016035547007792847,
    "games_played": 294,
    "last_err_y": 0.0,
    "last_err_w": 0.0
  }
}