{
  "scenario_1": {
    "lambda_y": 0.047902898411631964,
    "lambda_w": 0.04283923009401149,
    "eta": 0.019583310226368927
  }
}