{
  "scenario_1": {
    "lambda_y": 0.02813740738599671,
    "lambda_w": 0.03234224589199241,
    "eta": 0.05487781833265785,
    "games_played": 17,
    "last_err_y": 24.0,
    "last_err_w": 5.0
  }
}