{
  "scenario_1": {
    "lambda_y": 0.04613798608903214,
    "lambda_w": 0.041777770062151665,
    "eta": 0.020080323264890794
  }
}