{
  "scenario_1": {
    "lambda_y": 0.06786232861305097,
    "lambda_w": 0.06567642869016822,
    "eta": 0.005373298114153406
  }
}