{
  "scenario_1": {
    "lambda_y": 0.04474688551800584,
    "lambda_w": 0.041401660305061996,
    "eta": 0.020589950205638866
  }
}