{
  "scenario_1": {
    "lambda_y": 0.2613168982673462,
    "lambda_w": 0.2545375335937991,
    "eta": 0.025430819221811413,
    "games_played": 202,
    "last_err_y": 0.0,
    "last_err_w": 18.0
  }
}