{
  "tier": "elite",
  "description": "Elite successful games",
  "max_rejections": 820,
  "min_admitted": 900,
  "game_count": 81,
  "avg_rejections": 806.9876543209876,
  "min_rejections": 781,
  "avg_admitted": 960.8395061728395,
  "strategies": {
    "ultra_elite_lstm": 4,
    "rbcr2": 24,
    "rbcr": 38,
    "rl": 1,
    "constraint_focused_lstm": 1,
    "perfect": 2,
    "dual": 2,
    "transformer": 5,
    "ultimate3": 1,
    "ultimate3h": 3
  },
  "file_paths": [
    "verified_elite_data/elite/game_ultra_elite_lstm_016_20250907_154555_67936e31.json",
    "verified_elite_data/elite/game_ultra_elite_lstm_013_20250907_154534_295286ad.json",
    "verified_elite_data/elite/game_rbcr2_39530_20250906_114543_7e820d83.json",
    "verified_elite_data/elite/game_rbcr_04051_20250906_115008_1868b3c8.json",
    "verified_elite_data/elite/game_rbcr_67180_20250906_113930_2d5b8e37.json",
    "verified_elite_data/elite/game_rbcr_36451_20250906_113537_1f216eae.json",
    "verified_elite_data/elite/game_rbcr2_58462_20250906_114242_c7a8fa83.json",
    "verified_elite_data/elite/game_ultra_elite_lstm_024_20250907_154532_47a1c4ca.json",
    "verified_elite_data/elite/game_rbcr_2315_20250908_202237_ffb72717.json",
    "verified_elite_data/elite/game_rbcr2_25580_20250906_115207_76e76c8f.json",
    "verified_elite_data/elite/game_rbcr2_19987_20250906_114524_53ee95fc.json",
    "verified_elite_data/elite/game_rbcr_1438_20250908_201740_e2be109b.json",
    "verified_elite_data/elite/game_rbcr2_50922_20250906_113732_bda6b643.json",
    "verified_elite_data/elite/game_rl_lstm_hybrid_000_20250907_150900_b29605f6.json",
    "verified_elite_data/elite/game_rbcr_1122_20250908_201603_c10b37ab.json",
    "verified_elite_data/elite/game_rbcr_1854_20250908_201949_1b3c6f10.json",
    "verified_elite_data/elite/game_rbcr_001_20250907_112619_4f39bdbb.json",
    "verified_elite_data/elite/game_rbcr_1424_20250908_201737_bd682e5b.json",
    "verified_elite_data/elite/game_rbcr2_49440_20250906_114731_b41be293.json",
    "verified_elite_data/elite/game_rbcr2_23807_20250906_115347_c1d7f841.json",
    "verified_elite_data/elite/game_rbcr_50470_20250906_115732_1940f2ac.json",
    "verified_elite_data/elite/game_rbcr_78461_20250906_112620_58725a04.json",
    "verified_elite_data/elite/game_rbcr_2391_20250908_202324_72c82456.json",
    "verified_elite_data/elite/game_rbcr_81978_20250906_112624_806a3ba6.json",
    "verified_elite_data/elite/game_rbcr2_039_20250908_134507_305150c7.json",
    "verified_elite_data/elite/game_rbcr2_53893_20250906_115738_471cc7da.json",
    "verified_elite_data/elite/game_rbcr_460_20250908_201244_a41bd8cd.json",
    "verified_elite_data/elite/game_ultra_elite_lstm_002_20250907_154601_415fd438.json",
    "verified_elite_data/elite/game_rbcr2_002_20250907_104201_358342b0.json",
    "verified_elite_data/elite/game_constraint_focused_lstm_000_20250906_153051_0a2f0291.json",
    "verified_elite_data/elite/game_rbcr_373_20250908_201214_92f25611.json",
    "verified_elite_data/elite/game_perfect_57025_20250906_112559_6f8ccb7f.json",
    "verified_elite_data/elite/game_rbcr_90152_20250906_112812_70a6379e.json",
    "verified_elite_data/elite/game_rbcr_68062_20250906_115109_fdf782da.json",
    "verified_elite_data/elite/game_rbcr2_07237_20250906_112649_36ba4593.json",
    "verified_elite_data/elite/game_rbcr2_22502_20250906_114846_78ccfac0.json",
    "verified_elite_data/elite/game_rbcr_47721_20250906_112909_393a063e.json",
    "verified_elite_data/elite/game_rbcr2_74793_20250906_112936_4fc257b7.json",
    "verified_elite_data/elite/game_rbcr_2317_20250908_202239_5fb1368c.json",
    "verified_elite_data/elite/game_rbcr_1839_20250908_201945_1e167a0d.json",
    "verified_elite_data/elite/game_rbcr_60511_20250906_112742_f422dcf1.json",
    "verified_elite_data/elite/game_rbcr2_89606_20250906_114311_31e7442d.json",
    "verified_elite_data/elite/game_rbcr_77218_20250906_115442_fa51ffea.json",
    "verified_elite_data/elite/game_rbcr2_77686_20250906_114121_0051f9d9.json",
    "verified_elite_data/elite/game_dual_03916_20250906_115328_ec10ecc0.json",
    "verified_elite_data/elite/game_rbcr_1884_20250908_201957_95996095.json",
    "verified_elite_data/elite/game_transformer_033_20250908_134553_6958eb39.json",
    "verified_elite_data/elite/game_rbcr_47451_20250906_113910_8865a92b.json",
    "verified_elite_data/elite/game_rbcr_897_20250908_201452_107ea55f.json",
    "verified_elite_data/elite/game_rbcr2_90047_20250906_113813_3581f8cf.json",
    "verified_elite_data/elite/game_rbcr_729_20250908_201404_da4e6bad.json",
    "verified_elite_data/elite/game_transformer_047_20250908_144201_25676f09.json",
    "verified_elite_data/elite/game_rbcr_2053_20250908_202049_d8149673.json",
    "verified_elite_data/elite/game_rbcr2_35923_20250906_114719_2eefc93d.json",
    "verified_elite_data/elite/game_rbcr_21911_20250906_115527_979ca8cd.json",
    "verified_elite_data/elite/game_rbcr2_87649_20250906_114952_4d0bb81f.json",
    "verified_elite_data/elite/game_ultimate3_04062_20250906_115328_cd73d94c.json",
    "verified_elite_data/elite/game_rbcr2_test_003_20250908_110324_af8a8deb.json",
    "verified_elite_data/elite/game_ultimate3h_66693_20250906_115609_be55286a.json",
    "verified_elite_data/elite/game_transformer_039_20250908_145100_d392c955.json",
    "verified_elite_data/elite/game_rbcr2_01199_20250906_114144_d7c1132e.json",
    "verified_elite_data/elite/game_rbcr_1862_20250908_201952_0aecc93b.json",
    "verified_elite_data/elite/game_transformer_059_20250908_145252_1e589da1.json",
    "verified_elite_data/elite/game_rbcr_2008_20250908_202033_28d1a1ba.json",
    "verified_elite_data/elite/game_rbcr_074_20250908_201033_e3437fca.json",
    "verified_elite_data/elite/game_ultimate3h_52667_20250906_115416_33e07456.json",
    "verified_elite_data/elite/game_dual_12833_20250906_114156_06257b42.json",
    "verified_elite_data/elite/game_rbcr_03691_20250906_114507_bced99e8.json",
    "verified_elite_data/elite/game_perfect_97312_20250906_114139_2a29b08b.json",
    "verified_elite_data/elite/game_rbcr2_56838_20250906_115240_84f0e3ee.json",
    "verified_elite_data/elite/game_rbcr_56823_20250906_113920_11049277.json",
    "verified_elite_data/elite/game_ultimate3h_36240_20250906_115401_26b5f392.json",
    "verified_elite_data/elite/game_transformer_003_20250908_144846_d5c83492.json",
    "verified_elite_data/elite/game_rbcr_04318_20250906_112826_238a642e.json",
    "verified_elite_data/elite/game_rbcr_42940_20250906_113544_fe4e2214.json",
    "verified_elite_data/elite/game_rbcr_38608_20250906_114043_f91979c6.json",
    "verified_elite_data/elite/game_rbcr2_36264_20250906_114902_7ac3e8e2.json",
    "verified_elite_data/elite/game_rbcr2_68191_20250906_115109_fd60e998.json",
    "verified_elite_data/elite/game_rbcr_49616_20250906_112551_568f023f.json",
    "verified_elite_data/elite/game_rbcr2_017_20250907_112632_25705108.json",
    "verified_elite_data/elite/game_rbcr_428_20250908_201232_9ba415c8.json"
  ],
  "best_games": [
    "game_logs/game_rbcr_56823_20250906_113920_11049277.json",
    "game_logs/game_rbcr_2008_20250908_202033_28d1a1ba.json",
    "game_logs/game_ultra_elite_lstm_024_20250907_154532_47a1c4ca.json",
    "game_logs/game_rbcr_428_20250908_201232_9ba415c8.json",
    "game_logs/game_rbcr_90152_20250906_112812_70a6379e.json",
    "game_logs/game_rbcr2_74793_20250906_112936_4fc257b7.json",
    "game_logs/game_rbcr_1424_20250908_201737_bd682e5b.json",
    "game_logs/game_rbcr_897_20250908_201452_107ea55f.json",
    "game_logs/game_transformer_033_20250908_134553_6958eb39.json",
    "game_logs/game_rbcr_03691_20250906_114507_bced99e8.json"
  ]
}