{
  "train_losses": [
    0.6955246844807187,
    0.6891392598281035,
    0.6880332408724604,
    0.6872245476052568,
    0.6862856230220279,
    0.6844571087811444,
    0.6830522691881334,
    0.682176807442227,
    0.6821489269668991,
    0.6820217532080572
  ],
  "val_losses": [
    0.6892209511536819,
    0.6875253640688382,
    0.68733732516949,
    0.686700124007005,
    0.687029228760646,
    0.6847692819742056,
    0.6803671946892371,
    0.6816088648942801,
    0.68266067138085,
    0.6834243902793298
  ],
  "val_accuracies": [
    0.5484103117690904,
    0.5479733724008533,
    0.5501323669262601,
    0.5483075025059758,
    0.5474336237695017,
    0.553602179556378,
    0.5572519083969466,
    0.554938699976868,
    0.5538592027141646,
    0.5518801243992084
  ]
}