{
  "train_loss": [
    0.2954136656232216,
    0.2578936633677339,
    0.2574101700892101,
    0.25717058412768135,
    0.256742998246272,
    0.25670429652360216,
    0.256664995665676,
    0.2565366743534953,
    0.25626538429952145,
    0.2562564114979164,
    0.25617401496549347,
    0.2561767221844975,
    0.25598667663096186,
    0.25603458324643835,
    0.25608464903268385,
    0.25596286684050035,
    0.2559457828838322,
    0.25586619544493494,
    0.25602741193157347,
    0.25599749721399506
  ],
  "val_loss": [
    0.2566986407466869,
    0.25611868500709534,
    0.25700306405673673,
    0.25659538625772277,
    0.25728704529491503,
    0.2564230843554789,
    0.25604120031673105,
    0.25622031953766117,
    0.2559636188062591,
    0.2553962776109801,
    0.2554570586238075,
    0.25554076833042066,
    0.25568381184010053,
    0.2561531672675406,
    0.25550720125586546,
    0.2552962974837078,
    0.2553972663292334,
    0.2552935947575162,
    0.2555910220098256,
    0.25531049207526835
  ],
  "train_acc": [
    94.3144891122278,
    97.59798994974874,
    97.59505862646566,
    97.59673366834171,
    97.60071189279732,
    97.59066164154103,
    97.60134003350083,
    97.59694304857621,
    97.61013400335008,
    97.60448073701842,
    97.60552763819095,
    97.6036432160804,
    97.61683417085428,
    97.6178810720268,
    97.61662479061977,
    97.61201842546063,
    97.62206867671692,
    97.61620603015075,
    97.61034338358459,
    97.61662479061977
  ],
  "val_acc": [
    97.47738693467336,
    97.47906197654942,
    97.47738693467336,
    97.47738693467336,
    97.47738693467336,
    97.47738693467336,
    97.48241206030151,
    97.47738693467336,
    97.47906197654942,
    97.48743718592965,
    97.5033500837521,
    97.50418760469012,
    97.48911222780569,
    97.47738693467336,
    97.49916247906198,
    97.51005025125629,
    97.51256281407035,
    97.51005025125629,
    97.48911222780569,
    97.51340033500837
  ],
  "epochs": [
    1,
    2,
    3,
    4,
    5,
    6,
    7,
    8,
    9,
    10,
    11,
    12,
    13,
    14,
    15,
    16,
    17,
    18,
    19,
    20
  ]
}