{
  "train_loss": [
    0.3520453980240081,
    0.3262174252567601,
    0.3261867130992031,
    0.3261804107723546,
    0.32618051096624123,
    0.3262021363196406,
    0.3262020330832895,
    0.32619825337436525,
    0.3262017426662268,
    0.32619249806879846,
    0.32615129127579884
  ],
  "val_loss": [
    0.32551737157283006,
    0.3254941632902181,
    0.3254912363158332,
    0.32548756814665264,
    0.32548644917982594,
    0.3254852228694492,
    0.3254848219178341,
    0.32548428851145284,
    0.3254843373541479,
    0.3254838174691907,
    0.325484119631626
  ],
  "train_accuracy": [
    96.96809744779583,
    98.70809164733178,
    98.70983178654292,
    98.71026682134571,
    98.70997679814386,
    98.70765661252901,
    98.70751160092807,
    98.70780162412993,
    98.70736658932715,
    98.70823665893272,
    98.7122969837587
  ],
  "val_accuracy": [
    98.77835648148148,
    98.77835648148148,
    98.77835648148148,
    98.77835648148148,
    98.77835648148148,
    98.77835648148148,
    98.77835648148148,
    98.77835648148148,
    98.77835648148148,
    98.77835648148148,
    98.77835648148148
  ],
  "epochs": [
    1,
    2,
    3,
    4,
    5,
    6,
    7,
    8,
    9,
    10,
    11
  ],
  "best_epoch": 1,
  "best_val_accuracy": 98.77835648148148,
  "total_epochs": 11
}